<?xml version="1.0" encoding="UTF-8"?>
<project-private xmlns="http://www.netbeans.org/ns/project-private/1">
    <editor-bookmarks xmlns="http://www.netbeans.org/ns/editor-bookmarks/2" lastBookmarkId="0"/>
    <open-files xmlns="http://www.netbeans.org/ns/projectui-open-files/2">
        <group>
            <file>file:/C:/Users/Mohammad/Documents/NetBeansProjects/Game/src/ChP.java</file>
            <file>file:/C:/Users/Mohammad/Documents/NetBeansProjects/Game/src/ChE.java</file>
            <file>file:/C:/Users/Mohammad/Documents/NetBeansProjects/Game/src/Login.java</file>
            <file>file:/C:/Users/Mohammad/Documents/NetBeansProjects/Game/src/Gm.java</file>
            <file>file:/C:/Users/Mohammad/Documents/NetBeansProjects/Game/src/ChU.java</file>
            <file>file:/C:/Users/Mohammad/Documents/NetBeansProjects/Game/src/ChN.java</file>
            <file>file:/C:/Users/Mohammad/Documents/NetBeansProjects/Game/src/Store.java</file>
            <file>file:/C:/Users/Mohammad/Documents/NetBeansProjects/Game/src/Find.java</file>
            <file>file:/C:/Users/Mohammad/Documents/NetBeansProjects/Game/src/LG.java</file>
            <file>file:/C:/Users/Mohammad/Documents/NetBeansProjects/Game/src/Save.java</file>
            <file>file:/C:/Users/Mohammad/Documents/NetBeansProjects/Game/src/Home.java</file>
        </group>
    </open-files>
</project-private>
